"X1","X2"
1512338723000,12637158
1512339008000,12526982
1512339294000,12419277
1512339580000,12285142
1512339866000,12210947
1512340151000,12118319
1512340437000,12014838
1512340723000,11915332
1512341009000,11819013
1512341295000,11724960
1512341580000,11630687
1512341866000,11533575
1512342152000,11421725
1512342438000,11304665
1512342723000,11207417
1512343009000,11122648
1512343295000,11043779
1512343581000,10968215
1512343867000,10894794
1512344152000,10823535
1512344438000,10757559
1512344724000,10695732
1512345010000,10636469
1512345295000,10581659
1512345581000,10527599
1512345867000,10464219
1512346153000,10411160
1512346439000,10367501
1512346724000,10328506
1512347010000,10292562
1512347296000,10259676
1512347582000,10228740
1512347868000,10202626
1512348153000,10180117
1512348439000,10159282
1512348725000,10141600
1512349011000,10125952
1512349296000,10109551
1512349582000,10089684
1512349868000,10076268
1512350154000,10064508
1512350440000,10055787
1512350725000,10045359
1512351011000,10036404
1512351297000,10025382
1512351583000,10014661
1512351868000,10006741
1512352154000,10001558
1512352440000,9997624
1512352726000,9992133
1512353012000,9984257
1512353297000,9977971
1512353583000,9975365
1512353869000,9974300
1512354155000,9973070
1512354440000,9970964
1512354726000,9966898
1512355012000,9962915
1512355298000,9960879
1512355584000,9956216
1512355869000,9952719
1512356155000,9946315
1512356441000,9936401
1512356727000,9919265
1512357013000,9905482
1512357298000,9893698
1512357584000,9881139
1512357870000,9869550
1512358156000,9857348
1512358441000,9844489
1512358727000,9835463
1512359013000,9810201
1512359299000,9800440
1512359585000,9801207
1512359870000,9800068
1512360156000,9805171
1512360442000,9814159
1512360728000,9809902
1512361013000,9827111
1512361299000,9843227
1512361585000,9855928
1512361871000,9874279
1512362157000,9885961
1512362442000,9897407
1512362728000,9905146
1512363014000,9911380
1512363300000,9913190
1512363585000,9912374
1512363871000,9903381
1512364157000,9898592
1512364443000,9894443
1512364729000,9889140
1512365014000,9883111
1512365300000,9872770
1512365586000,9862148
1512365872000,9855083
1512366158000,9847537
1512366443000,9838590
1512366729000,9830347
1512367015000,9821918
1512367301000,9814271
1512367586000,9807022
1512367872000,9804855
1512368158000,9810039
1512368444000,9807713
1512368730000,9805808
1512369015000,9816451
1512369301000,9812065
1512369587000,9822863
1512369873000,9833655
1512370158000,9847031
1512370444000,9861272
1512370730000,9877213
1512371016000,9893071
1512371302000,9911988
1512371587000,9933740
1512371873000,9956730
1512372159000,9981520
1512372445000,10004102
1512372730000,10022994
1512373016000,10045893
1512373302000,10074085
1512373588000,10100501
1512373874000,10128537
1512374159000,10158289
1512374445000,10186468
1512374731000,10217387
1512375017000,10252391
1512375303000,10287183
1512375588000,10322652
1512375874000,10356522
1512376160000,10387686
1512376446000,10417050
1512376731000,10450054
1512377017000,10474492
1512377303000,10505586
1512377589000,10537643
1512377875000,10559964
1512378160000,10582177
1512378446000,10610391
1512378732000,10642423
1512379018000,10677198
1512379303000,10712108
1512379589000,10745202
1512379875000,10775494
1512380161000,10806752
1512380447000,10841676
1512380732000,10880300
1512381018000,10922628
1512381304000,10961227
1512381590000,11004109
1512381875000,11042078
1512382161000,11090264
1512382447000,11142452
1512382733000,11198908
1512383019000,11256650
1512383304000,11316178
1512383590000,11376905
1512383876000,11442817
1512384162000,11512805
1512384448000,11584183
1512384733000,11657016
1512385019000,11731415
1512385305000,11810479
1512385591000,11893187
1512385876000,11979590
1512386162000,12068650
1512386448000,12160635
1512386734000,12252921
1512387020000,12344176
1512387305000,12433889
1512387591000,12529459
1512387877000,12621265
1512388163000,12713879
1512388448000,12800373
1512388734000,12884460
1512389020000,12968604
1512389306000,13036280
1512389592000,13111173
1512389877000,13197544
1512390163000,13285547
1512390449000,13372052
1512390735000,13455102
1512391021000,13537186
1512391306000,13620504
1512391592000,13702769
1512391878000,13780392
1512392164000,13850859
1512392449000,13918300
1512392735000,13983286
1512393021000,13995597
1512393307000,14069576
1512393593000,14143414
1512393878000,14149890
1512394164000,14212444
1512394450000,14207474
1512394736000,14263860
1512395021000,14328702
1512395307000,14380079
1512395593000,14423792
1512395879000,14463665
1512396165000,14482956
1512396450000,14470316
1512396736000,14502499
1512397022000,14521163
1512397308000,14541334
1512397593000,14559370
1512397879000,14567158
1512398165000,14563857
1512398451000,14564659
1512398737000,14555795
1512399022000,14543632
1512399308000,14521235
1512399594000,14492284
1512399880000,14437162
1512400166000,14404239
1512400451000,14383948
1512400737000,14364871
1512401023000,14344712
1512401309000,14318032
1512401594000,14280136
1512401880000,14248438
1512402166000,14226075
1512402452000,14202129
1512402738000,14176297
1512403023000,14149940
1512403309000,14119287
1512403595000,14079232
1512403881000,14057225
1512404166000,14041404
1512404452000,14030046
1512404738000,14018467
1512405024000,14007969
1512405310000,13995240
1512405595000,13990082
1512405881000,13983352
1512406167000,13976413
1512406453000,13971029
1512406738000,13966880
1512407024000,13961035
1512407310000,13967679
1512407596000,13967844
1512407882000,13964329
1512408167000,13968809
1512408453000,13972609
1512408739000,13975501
1512409025000,13978467
1512409311000,13983643
1512409596000,13987462
1512409882000,13991368
1512410168000,13992974
1512410454000,13994910
1512410739000,13992555
1512411025000,13994132
1512411311000,13995234
1512411597000,13995291
1512411883000,13995558
1512412168000,13994880
1512412454000,13991535
1512412740000,13988565
1512413026000,13981913
1512413311000,13972100
1512413597000,13960048
1512413883000,13945910
1512414169000,13925534
1512414455000,13901597
1512414740000,13879421
1512415026000,13856375
1512415312000,13831301
1512415598000,13805222
1512415883000,13780475
1512416169000,13753560
1512416455000,13726482
1512416741000,13696450
1512417027000,13662890
1512417312000,13625100
1512417598000,13585441
1512417884000,13531146
1512418170000,13474254
1512418456000,13423312
1512418741000,13367820
1512419027000,13309457
1512419313000,13252493
1512419599000,13191144
1512419884000,13130294
1512420170000,13068975
1512420456000,13002476
1512420742000,12931096
1512421028000,12856046
1512421313000,12777375
1512421599000,12664031
1512421885000,12574198
1512422171000,12488362
1512422456000,12403444
1512422742000,12317449
1512423028000,12230424
1512423314000,12144496
1512423600000,12058541
1512423885000,11972182
1512424171000,11887389
1512424457000,11799894
1512424743000,11709648
1512425028000,11613575
1512425314000,11511478
1512425600000,11416669
1512425886000,11310779
1512426172000,11227886
1512426457000,11145964
1512426743000,11063209
1512427029000,10972159
1512427315000,10940113
1512427601000,10783552
1512427886000,10734262
1512428172000,10657274
1512428458000,10583712
1512428744000,10484081
1512429029000,10400316
1512429315000,10331681
1512429601000,10270246
1512429887000,10212151
1512430173000,10157113
1512430458000,10105435
1512430744000,10058636
1512431030000,10016046
1512431316000,9974998
1512431601000,9937761
1512431887000,9903353
1512432173000,9871545
1512432459000,9825014
1512432745000,9798691
1512433030000,9775604
1512433316000,9758078
1512433602000,9741280
1512433888000,9727178
1512434174000,9715389
1512434459000,9706713
1512434745000,9700016
1512435031000,9694477
1512435317000,9690170
1512435602000,9692894
1512435888000,9685837
1512436174000,9684435
1512436460000,9686838
1512436746000,9686300
1512437031000,9686592
1512437317000,9688533
1512437603000,9688749
1512437889000,9690229
1512438174000,9695699
1512438460000,9700888
1512438746000,9707836
1512439032000,9713352
1512439318000,9731831
1512439603000,9724018
1512439889000,9732145
1512440175000,9740843
1512440461000,9751181
1512440746000,9758166
1512441032000,9764679
1512441318000,9770466
1512441604000,9775752
1512441890000,9778420
1512442175000,9780778
1512442461000,9782295
1512442747000,9784852
1512443033000,9780063
1512443319000,9764102
1512443604000,9758355
1512443890000,9754160
1512444176000,9752204
1512444462000,9748133
1512444747000,9741794
1512445033000,9736007
1512445319000,9742732
1512445605000,9741348
1512445891000,9737331
1512446176000,9746155
1512446462000,9753736
1512446748000,9749579
1512447034000,9761085
1512447319000,9780875
1512447605000,9804457
1512447891000,9827918
1512448177000,9848224
1512448463000,9866110
1512448748000,9882356
1512449034000,9897277
1512449320000,9909447
1512449606000,9916614
1512449891000,9923136
1512450177000,9929837
1512450463000,9916188
1512450749000,9914400
1512451035000,9915763
1512451320000,9907569
1512451606000,9904255
1512451892000,9901812
1512452178000,9892926
1512452464000,9893294
1512452749000,9888712
1512453035000,9884714
1512453321000,9875862
1512453607000,9876752
1512453892000,9869596
1512454178000,9870283
1512454464000,9872877
1512454750000,9871442
1512455036000,9873520
1512455321000,9873288
1512455607000,9876757
1512455893000,9881267
1512456179000,9885895
1512456464000,9892166
1512456750000,9891185
1512457036000,9907575
1512457322000,9935998
1512457608000,9944537
1512457893000,9965854
1512458179000,9991434
1512458465000,10016916
1512458751000,10044285
1512459036000,10068568
1512459322000,10095812
1512459608000,10125484
1512459894000,10151875
1512460180000,10179746
1512460465000,10211127
1512460751000,10247564
1512461037000,10280150
1512461323000,10304323
1512461609000,10335960
1512461894000,10367457
1512462180000,10402275
1512462466000,10434418
1512462752000,10461662
1512463037000,10481349
1512463323000,10522107
1512463609000,10553562
1512463895000,10581451
1512464181000,10607082
1512464466000,10639483
1512464752000,10657931
1512465038000,10685634
1512465324000,10708125
1512465609000,10739285
1512465895000,10773220
1512466181000,10801431
1512466467000,10830133
1512466753000,10862998
1512467038000,10897610
1512467324000,10934141
1512467610000,10971128
1512467896000,11008770
1512468181000,11053784
1512468467000,11086313
1512468753000,11134835
1512469039000,11189634
1512469325000,11245180
1512469610000,11274150
1512469896000,11331844
1512470182000,11397991
1512470468000,11467322
1512470754000,11533388
1512471039000,11606841
1512471325000,11685342
1512471611000,11752130
1512471897000,11821556
1512472182000,11890855
1512472468000,11969337
1512472754000,12061960
1512473040000,12154474
1512473326000,12246931
1512473611000,12341210
1512473897000,12422633
1512474183000,12472450
1512474469000,12564223
1512474754000,12634528
1512475040000,12728767
1512475326000,12829649
1512475612000,12907568
1512475898000,13001395
1512476183000,13095596
1512476469000,13186795
1512476755000,13276481
1512477041000,13361652
1512477327000,13424471
1512477612000,13481068
1512477898000,13555577
1512478184000,13637703
1512478470000,13711253
1512478755000,13784344
1512479041000,13856417
1512479327000,13924607
1512479613000,14002849
1512479899000,14067848
1512480184000,14109836
1512480470000,14211143
1512480756000,14265511
1512481042000,14326336
1512481327000,14379165
1512481613000,14423414
1512481899000,14463600
1512482185000,14494775
1512482471000,14526088
1512482756000,14544732
1512483042000,14567640
1512483328000,14590334
1512483614000,14607297
1512483899000,14618214
1512484185000,14621126
1512484471000,14617345
1512484757000,14612821
1512485043000,14605918
1512485328000,14590413
1512485614000,14567297
1512485900000,14532804
1512486186000,14486492
1512486472000,14433113
1512486757000,14406923
1512487043000,14383150
1512487329000,14357707
1512487615000,14328619
1512487900000,14287478
1512488186000,14249721
1512488472000,14223945
1512488758000,14197475
1512489044000,14170524
1512489329000,14142010
1512489615000,14115058
1512489901000,14077734
1512490187000,14043795
1512490472000,14021694
1512490758000,14004538
1512491044000,13990979
1512491330000,13979189
1512491616000,13967171
1512491901000,13956768
1512492187000,13950117
1512492473000,13943225
1512492759000,13935086
1512493044000,13929239
1512493330000,13930480
1512493616000,13917982
1512493902000,13923547
1512494188000,13924512
1512494473000,13919243
1512494759000,13923203
1512495045000,13926434
1512495331000,13922859
1512495617000,13928356
1512495902000,13933089
1512496188000,13936357
1512496474000,13939531
1512496760000,13942539
1512497045000,13939950
1512497331000,13933540
1512497617000,13933135
1512497903000,13934561
1512498189000,13928507
1512498474000,13929172
1512498760000,13923647
1512499046000,13919922
1512499332000,13915654
1512499617000,13909633
1512499903000,13898809
1512500189000,13887047
1512500475000,13876485
1512500761000,13848356
1512501046000,13818770
1512501332000,13798956
1512501618000,13780038
1512501904000,13758258
1512502189000,13733256
1512502475000,13706551
1512502761000,13667131
1512503047000,13620363
1512503333000,13586546
1512503618000,13550697
1512503904000,13511842
1512504190000,13469528
1512504476000,13410703
1512504762000,13362934
1512505047000,13315597
1512505333000,13269823
1512505619000,13220831
1512505905000,13165508
1512506190000,13113840
1512506476000,13058692
1512506762000,12997702
1512507048000,12935047
1512507334000,12866337
1512507619000,12792468
1512507905000,12703772
1512508191000,12614368
1512508477000,12533213
1512508762000,12454234
1512509048000,12312435
1512509334000,12182126
1512509620000,12178794
1512509906000,12039061
1512510191000,11982476
1512510477000,11939127
1512510763000,11859562
1512511049000,11776802
1512511334000,11697191
1512511449000,11653108
1512511735000,11551842
1512512021000,11468054
1512512307000,11388486
1512512592000,11310024
1512512878000,11231631
1512513164000,11149267
1512513450000,11068911
1512513735000,10993826
1512513773000,10983583
1512514059000,10905999
1512514345000,10829998
1512514529000,10779893
1512514814000,10700274
1512515100000,10602307
1512515386000,10512084
1512515672000,10441465
1512515957000,10376978
1512516243000,10318783
1512516529000,10237858
1512516815000,10152964
1512517101000,10156041
1512517386000,10109604
1512517672000,10066644
1512517958000,10025598
1512518244000,9985574
1512518273000,9982245
1512518559000,9947418
1512518845000,9892944
1512519131000,9822088
1512519417000,9833852
1512519703000,9814898
1512519989000,9796236
1512520275000,9779990
1512520561000,9765848
1512520847000,9754997
1512521133000,9225308
1512521419000,9519676
1512521705000,8670626
1512521991000,9273505
1512522244000,9411286
1512522530000,9441705
1512522816000,9336779
1512523101000,9397951
1512523387000,9419859
1512523672000,9384617
1512523958000,9398014
1512524244000,9426815
1512524529000,9424217
1512524815000,9433772
1512525100000,9440813
1512525386000,9446072
1512525672000,9451195
1512525957000,9456660
1512526243000,9463343
1512526529000,9472380
1512526814000,9482504
1512527100000,9491193
1512527385000,9499240
1512527671000,9503362
1512527957000,9509807
1512528242000,9515090
1512528528000,9518406
1512528813000,9520702
1512529099000,9519726
1512529385000,9511517
1512529670000,9499262
1512529956000,9491950
1512530242000,9488877
1512530527000,9485636
1512530813000,9481491
1512531098000,9475410
1512531384000,9469176
1512531670000,9476724
1512531955000,9475199
1512532241000,9471958
1512532526000,9474989
1512532770000,9481070
1512533056000,9481252
1512533342000,9492446
1512533628000,9512727
1512533914000,9537600
1512534200000,9563422
1512534486000,9587340
1512534772000,9608165
1512535058000,9628035
1512535344000,9647544
1512535630000,9665343
1512535916000,9680762
1512536202000,9691661
1512536488000,9701195
1512536774000,9702675
1512537059000,9706831
1512537345000,9710942
1512537631000,9715141
1512537917000,9715201
1512538203000,9712709
1512538489000,9711743
1512538775000,9713008
1512539061000,9710204
1512539347000,9706300
1512539633000,9700077
1512539919000,9700857
1512540205000,9696432
1512540491000,9696955
1512540777000,9699849
1512541063000,9700304
1512541349000,9698842
1512541635000,9704176
1512541921000,9711275
1512542207000,9717909
1512542493000,9721268
1512542779000,9735340
1512543064000,9752210
1512543350000,9769046
1512543636000,9790682
1512543922000,9807505
1512544208000,9830880
1512544494000,9856523
1512544780000,9883131
1512545066000,9911229
1512545352000,9935875
1512545638000,9961868
1512545924000,9993303
1512546210000,10023918
1512546496000,10053179
1512546782000,10081843
1512547068000,10112338
1512547354000,10143871
1512547640000,10174229
1512547926000,10207048
1512548212000,10241493
1512548498000,10274523
1512548784000,10306966
1512549070000,10337933
1512549355000,10368212
1512549641000,10401400
1512549927000,10429139
1512550213000,10460966
1512550499000,10491377
1512550785000,10521174
1512551071000,10546540
1512551357000,10577514
1512551643000,10612021
1512551929000,10647439
1512552215000,10683539
1512552501000,10716427
1512552787000,10746230
1512553073000,10780826
1512553359000,10819509
1512553645000,10855339
1512553931000,10893358
1512554217000,10940054
1512554503000,10988170
1512554789000,11032008
1512555075000,11085922
1512555360000,11145165
1512555646000,11206145
1512555932000,11270390
1512556218000,11333840
1512556504000,11399917
1512556790000,11473096
1512557076000,11547418
1512557362000,11623028
1512557648000,11700817
1512557934000,11785855
1512558220000,11868463
1512558506000,11955781
1512558792000,12049508
1512559078000,12142546
1512559364000,12235730
1512559650000,12329869
1512559936000,12422267
1512560222000,12516495
1512560508000,12613524
1512560794000,12709005
1512561080000,12804309
1512561366000,12899530
1512561651000,12993242
1512561937000,13075595
1512562223000,13169761
1512562509000,13261502
1512562795000,13350350
1512563081000,13441505
1512563367000,13529089
1512563653000,13611465
1512563939000,13696256
1512564225000,13779077
1512564511000,13859317
1512564797000,13936857
1512565083000,14011024
1512565369000,14078776
1512565655000,14146286
1512565941000,14220961
1512566227000,14294108
1512566513000,14363035
1512566799000,14426891
1512567085000,14482733
1512567371000,14534651
1512567657000,14588890
1512567942000,14637369
1512568228000,14680657
1512568514000,14703078
1512568800000,14719838
1512569086000,14738574
1512569372000,14766941
1512569658000,14791715
1512569944000,14809188
1512570230000,14821026
1512570516000,14823962
1512570802000,14816918
1512571088000,14808141
1512571374000,14797956
1512571660000,14781632
1512571946000,14757594
1512572232000,14723435
1512572518000,14677203
1512572804000,14616357
1512573090000,14583940
1512573376000,14557873
1512573662000,14530788
1512573947000,14501598
1512574233000,14465053
1512574519000,14409443
1512574805000,14382228
1512575091000,14348540
1512575377000,14316757
1512575663000,14261383
1512575949000,14227279
1512576235000,14187423
1512576521000,14151550
1512576807000,14123419
1512577093000,14100740
1512577379000,14081831
1512577665000,14052587
1512577951000,14025680
1512578237000,14019797
1512578523000,14010032
1512578809000,13997037
1512579095000,13982855
1512579381000,13969725
1512579667000,13962210
1512579953000,13941454
1512580238000,13931945
1512580524000,13924558
1512580810000,13920137
1512581096000,13920163
1512581382000,13915906
1512581668000,13912476
1512581954000,13911838
1512582240000,13910293
1512582526000,13907523
1512582812000,13902635
1512583098000,13900103
1512583384000,13893270
1512583670000,13883724
1512583956000,13879400
1512584242000,13875590
1512584528000,13870681
1512584814000,13864068
1512585100000,13857927
1512585386000,13849084
1512585672000,13838267
1512585958000,13827218
1512586243000,13814127
1512586529000,13793324
1512586815000,13782624
1512587101000,13749151
1512587387000,13724455
1512587673000,13701408
1512587959000,13673648
1512588245000,13647138
1512588531000,13621827
1512588817000,13591525
1512589103000,13559177
1512589389000,13524395
1512589675000,13485839
1512589961000,13445985
1512590247000,13407033
1512590533000,13354353
1512590819000,13253112
1512591105000,13137292
1512591391000,13061061
1512591677000,12964131
1512591963000,12872376
1512592249000,12802991
1512592534000,12754285
1512592820000,12709831
1512593106000,12659956
1512593392000,12605663
1512593678000,12544994
1512593964000,12482174
1512594250000,12396311
1512594536000,12314221
1512594822000,12236347
1512595108000,12158493
1512595394000,12078287
1512595680000,11996242
1512595966000,11913236
1512596252000,11826497
1512596538000,11739325
1512596824000,11656270
1512597110000,11574852
1512597396000,11493790
1512597682000,11414766
1512597968000,11313676
1512598254000,11223604
1512598539000,11139478
1512598622000,11116661
1512598908000,11037285
1512599194000,10958315
1512599480000,10880178
1512599765000,10799321
1512600051000,10725619
1512600337000,10650040
1512600623000,10576293
1512600909000,10499622
1512601195000,10429289
1512601481000,10321837
1512601767000,10234570
1512602053000,10163993
1512602339000,10102583
1512602625000,10040458
1512602911000,9978898
1512603197000,9927215
1512603483000,9882557
1512603769000,9838190
1512604055000,9793501
1512604341000,9747123
1512604627000,9697159
1512604913000,9646795
1512605199000,9602820
1512605485000,9563076
1512605771000,9536847
1512606057000,9515770
1512606342000,9498919
1512606522000,9489480
1512606808000,9475142
1512607094000,9450908
1512607380000,9439503
1512607666000,9443978
1512607952000,9438625
1512608238000,9437432
1512608524000,9436765
1512608810000,9422855
1512609096000,9419061
1512609382000,9428559
1512609668000,9423100
1512609954000,9420353
1512610239000,9423346
1512610296000,9427011
1512610582000,9423119
1512610868000,9426841
1512611154000,9429278
1512611440000,9435714
1512611726000,9442763
1512612012000,9458177
1512612298000,9451017
1512612584000,9439986
1512612870000,9428750
1512613156000,9417184
1512613442000,9405729
1512613728000,9395065
1512614014000,9383949
1512614300000,9397269
1512614586000,9396188
1512614872000,9388809
1512615158000,9397311
1512615444000,9407030
1512615730000,9414412
1512616016000,9409300
1512616302000,9411885
1512616588000,9417501
1512616874000,9424160
1512617160000,9426821
1512617445000,9426602
1512617615000,9427294
1512617901000,9432331
1512618187000,9440206
1512618473000,9449120
1512618759000,9459090
1512619045000,9472298
1512619331000,9484267
1512619617000,9484236
1512619903000,9505307
1512620189000,9531987
1512620475000,9560692
1512620761000,9590060
1512621046000,9613352
1512621224000,9625600
1512621510000,9646164
1512621796000,9664095
1512622082000,9679732
1512622368000,9693387
1512622654000,9706245
1512622940000,9712349
1512623226000,9702369
1512623512000,9707123
1512623798000,9710021
1512624084000,9708001
1512624370000,9707693
1512624656000,9706025
1512624941000,9701998
1512625194000,9699019
1512625480000,9694737
1512625766000,9698391
1512626052000,9689187
1512626338000,9694316
1512626624000,9686926
1512626910000,9686178
1512627196000,9692893
1512627482000,9692746
1512627768000,9691471
1512628054000,9698566
1512628340000,9705614
1512628626000,9712282
1512628912000,9724077
1512629198000,9735490
1512629484000,9745349
1512629770000,9762798
1512630056000,9790702
